base,rt,id,type,title,text,list_items,suggest_shared,earnable_in_base
notz,rtnotz,zealots_revent,binary,The Zealot's Revenge,Have Lita Chantler’s [reaction] ability deal the killing blow to the Ghoul Priest.,,Y,
notz,rtnotz,dont_trust_her,binary,I Don't Trust Her,"When given the option to add Lita Chantler to your deck, refuse to do so.",,Y,
notz,rtnotz,insurance,binary,Insurance Doesn’t Cover Ghouls,Burn your house to the ground in “The Gathering.”,,Y,
notz,rtnotz,do_i_have_to,binary,…But Do I Have To?,"In “The Midnight Masks,” have each investigator remain in Your House for the first three rounds.",,Y,
notz,rtnotz,conspiracy_of_silence,binary,Conspiracy of Silence,Find and interrogate all six unique cultists in “The Midnight Masks.”,,Y,
notz,rtnotz,tour_of_arkham,binary,Tour of Arkham,Trigger each of the “once per game” abilities on all of the locations in play in “The Midnight Masks.”,,Y,
notz,rtnotz,do_you_get_it_now,binary,Do You Get It Now?,Trigger the Forced ability on Billy Cooper by defeating the Ghoul Priest at his location.,,N,
notz,rtnotz,pinch_hitter,binary,Pinch Hitter,Defeat three [[Ghoul]] enemies with a Baseball Bat without it breaking.,,Y,
notz,rtnotz,even_death_may_die,binary,Even Death May Die,Defeat Umôrdhoth while the Vault of Earthly Demise is attached to it.,,N,
notz,rtnotz,break_the_circle,binary,Break the Circle,Complete “The Devourer Below” without Umôrdhoth spawning.,,Y,
notz,rtnotz,theyre_just_misunderstood,binary,They’re Just Misunderstood,Win the Night of the Zealot campaign without defeating a single unique [[Cultist]] enemy.,,Y,
notz,rtnotz,umordhoths_favor,binary,Umôrdhoth’s Favor,Win the Night of the Zealot campaign without defeating a single [[Ghoul]] enemy.,,Y,
notz,rtnotz,notz_line_in_the_sand,binary,Line in the Sand,Win the Night of the Zealot campaign with at least three Ultimatums active.,,Y,
notz,rtnotz,arkham_expertise,binary,Arkham Expertise,Win the Night of the Zealot campaign on Expert difficulty.,,Y,
dwl,rtdwl,what_is_this_stuff,binary,"What Is This Stuff, Anyway?",Defeat The Experiment using the Alchemical Concoction in “Extracurricular Activities”.,,Y,
dwl,rtdwl,no_void_for_you,binary,No Void For You,Complete “The Miskatonic Museum” without ever defeating the Hunting Horror.,,Y,
dwl,rtdwl,first_rule_of_arkham,binary,First Rule of Arkham,Burn The Necronomicon in “The Miskatonic Museum.”,,Y,
dwl,rtdwl,all_aboard,binary,All Aboard,Complete “The Essex County Express” without letting any Helpless Passengers leave play.,,Y,
dwl,rtdwl,gangs_all_here,list,The Gang’s All Here,"In “The Survivors,” the following characters survived The Dunwich Legacy:",Dr. Henry Armitage | Dr. Francis Morgan | Professor Warren Rice | Zebulon Whateley | Earl Sawyer,Y,
dwl,rtdwl,no_brood_left_behind,binary,No Brood Left Behind,Have no Broods of Yog-Sothoth escape into the wild in “Undimensioned and Unseen.”,,Y,
dwl,rtdwl,remind_me_not_to_piss_her_off,binary,Remind Me Not To Piss Her Off,Defeat either version of Seth Bishop while Naomi O’Bannion is under your control.,,Y,
dwl,rtdwl,eureka,binary,Eureka!,Identify the Strange Solution.,,Y,
dwl,rtdwl,beyond_what_veil,binary,Beyond What Veil?,Take 10 damage from Beyond the Veil without being defeated.,,Y,
dwl,rtdwl,here_we_go_again,binary,Here We Go Again,"Have Dr. Henry Armitage, Dr. Francis Morgan, and Professor Warren Rice in play at the same time.",,Y,
dwl,rtdwl,bird_hunting,binary,Bird Hunting,Defeat 3 Whippoorwills in a single turn.,,Y,
dwl,rtdwl,they_arent_getting_away_with_this,binary,They Aren’t Getting Away With This,Win The Dunwich Legacy campaign as “Ashcan” Pete with Duke listed under “Sacrificed to Yog-Sothoth.”,,Y,
dwl,rtdwl,tabula_rasa,binary,Tabula Rasa,Win The Dunwich Legacy campaign with no [tablet] or [elder_thing] tokens in the chaos bag.,,Y,
dwl,rtdwl,dwl_line_in_the_sand,binary,Line in the Sand,Win The Dunwich Legacy campaign with at least three Ultimatums active.,,Y,
dwl,rtdwl,dunwich_expertise,binary,Dunwich Expertise,Win The Dunwich Legacy campaign on Expert difficulty.,,Y,
ptc,rtptc,fair_warning,binary,Fair Warning,Defeat the Royal Emissary three times during a single playthrough of “Curtain Call.”,,Y,
ptc,rtptc,first_steps,list,First Steps,Interview the following VIPs in “The Last King”:,Constance Dumaine | Jordan Perry | Ishimaru Haruko | Sebastien Moreau | Ashleigh Clarke,Y,
ptc,rtptc,crashing_the_party,binary,Crashing the Party,Defeat the [[Lunatic]] version of Dianne Devine in “The Last King.”,,Y,
ptc,rtptc,for_prying_eyes,binary,For Prying Eyes,Add the Hidden Library to the victory display in “Echoes of the Past.”,,Y,
ptc,rtptc,cuckoos_nest,binary,The Cuckoo's Nest,Resign with Daniel Chesterfield under an investigator’s control in “The Unspeakable Oath.”,,Y,
ptc,rtptc,take_a_look_at_this,binary,Take A Look At This!,Parley with the Host of Insanity in “The Unspeakable Oath.”,,N,
ptc,rtptc,path_of_death,binary,The Path of Death,Use your Clasp of Black Onyx to find a shortcut in “The Pallid Mask.”,,N,
ptc,rtptc,guessing_game,binary,Guessing Game,Advance to the final agenda of one agenda deck before advacing the first agenda of the other agenda deck in “Black Stars Rise.”,,Y,
ptc,rtptc,hastur_made_me_do_it,binary,Hastur Made Me Do It,Defeat Hastur in “Dim Carcosa” while a Possession treachery is in your hand.,,Y,
ptc,rtptc,say_my_name,binary,Say My Name,"After you have heeded Daniel’s warning, speak the name of HASTUR aloud seven or more times during a single scenario (or its setup).",,Y,
ptc,rtptc,get_back_here,binary,Get Back Here,Win The Path to Carcosa campaign having never ended a scenario with The Man in the Pallid Mask in play,,Y,
ptc,rtptc,path_is_false,binary,The Path is False,Win The Path to Carcosa campaign with 8 Doubt.,,Y,
ptc,rtptc,path_is_real,binary,The Path is Real,Win The Path to Carcosa campaign with 8 Conviction.,,Y,
ptc,rtptc,path_is_mine,binary,The Path is Mine,Win The Path to Carcosa campaign with less than 2 Doubt and Conviction in total.,,Y,
ptc,rtptc,ptc_line_in_the_sand,binary,Line in the Sand,Win The Path to Carcosa campaign with at least three Ultimatums active.,,Y,
ptc,rtptc,carcosa_expertise,binary,Carcosa Expertise,Win The Path to Carcosa campaign on Expert difficulty.,,Y,
tfa,rttfa,why_did_it_have_to_be_snakes,count,Why Did It Have to Be Snakes?,Defeat twenty [[Serpent]] enemies.,,Y,
tfa,rttfa,watch_them_unravel,binary,Watch Them Unravel,Complete all four act decks during a single playthrough of “Threads of Fate.”,,N,
tfa,rttfa,hope_for_humanity,binary,Hope for Humanity,Restore Ichtaca’s faith in humanity in “The Boundary Beyond.”,,Y,
tfa,rttfa,scenario_5_what,binary,Scenario 5-What?,"Skip “Heart of the Elders, Part 1.”",,Y,
tfa,rttfa,beyond_perfection,binary,Beyond Perfection:,Complete all eight tasks on act 2 of “The City of Archives” during a single playthrough.,,N,
tfa,rttfa,i_remember_everything,binary,I Remember Everything,Restore Alejandro’s memories in “The City of Archives.”,,Y,
tfa,rttfa,patricide,binary,Patricide,Defeat Yig in “The Depths of Yoth.”,,Y,
tfa,rttfa,hes_got_a_point,binary,He's Got a Point,Side with Alejandro in “Shattered Aeons.”,,Y,
tfa,rttfa,valusia_sounds_great,binary,Valusia Sounds Great,Side with Ichtaca in “Shattered Aeons.”,,Y,
tfa,rttfa,built_up_an_immunity,binary,I’ve Built Up An Immunity,Win The Forgotten Age campaign without ever becoming poisoned.,,Y,
tfa,rttfa,we_have_an_understanding,binary,We Have an Understanding,Win The Forgotten Age campaign without ever dealing any damage to the Harbinger of Valusia.,,Y,
tfa,rttfa,who_needs_any_of_this_junk,binary,Who Needs Any of This Junk?,Win The Forgotten Age campaign without purchasing any supplies.,,Y,
tfa,rttfa,dont_tread_on_me,binary,Don’t Tread on Me,Win The Forgotten Age campaign with no tally marks recorded under Yig’s Fury in your Campaign Log,,Y,
tfa,rttfa,bane_of_yig,binary,Bane of Yig,Win The Forgotten Age campaign with 25+ tally marks recorded under Yig’s Fury in your Campaign Log.,,Y,
tfa,rttfa,if_i_could_turn_back_time,binary,If I Could Turn Back Time,"Forge your own path, unlock Scenario IX, and win The Forgotten Age campaign.",,Y,
tfa,rttfa,yoth_expertise,binary,Yoth Expertise,Win The Forgotten Age campaign on Expert difficulty,,Y,
tcu,rttcu,who_you_gonna_call,count,Who You Gonna Call?,Defeat 13 [[Geist]] or [[Spectral]] enemies. Enemies who are not discarded or added to the victory display do not count.,,Y,
tcu,rttcu,savior_of_humanity,binary,Savior of Humanity,"Rescue every [[Silver Twilight]] enemy who appears in ""At Death's Doorstep.""",,Y,
tcu,rttcu,would_read_again,count,10/10 Would Read Again,"Using the Black Book, take a total of 10 horror with its ability throughout the campaign.",,Y,
tcu,rttcu,carl_shmarl,binary,Carl Shmarl,"Become part of the Silver Twilight Lodge's Inner Circle, then betray them in ""Union and Disillusion.""",,Y,
tcu,rttcu,threefold_rule,binary,The Threefold Rule,"Join forces with Erynn and turn on her coven in ""Union and Disillusion.""",,N,
tcu,rttcu,new_world_order,binary,New World Order,Help the Silver Twilight Lodge win The Circle Undone campaign.,,Y,
tcu,rttcu,immortality_sounds_nice,binary,Immortality Sounds Nice,Help Anette's Coven win The Circle Undone campaign.,,N,
tcu,rttcu,more_like_excursion,binary,More Like Excursion,"Complete ""In the Clutches of Chaos"" without a single incursion occurring.",,Y,
tcu,rttcu,member_these,list,'Member These?,Discover the following Mementos:,Mesmerizing Flute | Ritual Components | Scrap of Torn Shadow | Strange Incantation | Gilman's Journal | Keziah's Formulae | Worn Crucifix | Wisp of Spectral Mist | Corn Husk Doll | Bloody Tree Carvings,Y,
tcu,rttcu,case_closed,list,Case Closed,Save each of the following characters from a terrible fate:,Valentino Rivas | Gavriella Mizrah | Penny White | Jerome Davids,Y,
tcu,rttcu,music_of_the_outer_gods,binary,Music of the Outer Gods,Accept your fate and win The Circle Undone campaign by joining the Pipers of Azathoth.,,Y,
tcu,rttcu,weaver_of_shadow_and_mist,binary,Weaver of Shadow and Mist,Reject your fate and win The Circle Undone campaign by crafting a spell to contain Azathoth.,,Y,
tcu,rttcu,fine_print,binary,Fine Print,Win The Circle Undone campaign by signing your name in The Black Book of Azathoth.,,Y,
tcu,rttcu,speak_the_words_aloud,binary,duolA sdroW eht kaepS,Win The Circle Undone campaign by discovering and reversing an ancient incantation.,,N,
tcu,rttcu,circle_expertise,binary,Circle Expertise,Win The Circle Undone campaign on Expert difficulty.,,Y,